<?xml version="1.0"?>
<doc>
    <assembly>
        <name>CmdStarter.Lib</name>
    </assembly>
    <members>
        <member name="T:com.cyberinternauts.csharp.CmdStarter.Lib.AssemblyLoadErrorHandler">
            <summary>
            Handles errors related to assembly loading and type resolution
            </summary>
        </member>
        <member name="T:com.cyberinternauts.csharp.CmdStarter.Lib.AssemblyLoadErrorHandler.ErrorHandlingMode">
            <summary>
            Specifies how to handle assembly load errors
            </summary>
        </member>
        <member name="F:com.cyberinternauts.csharp.CmdStarter.Lib.AssemblyLoadErrorHandler.ErrorHandlingMode.Silent">
            <summary>
            Silently ignore errors and continue
            </summary>
        </member>
        <member name="F:com.cyberinternauts.csharp.CmdStarter.Lib.AssemblyLoadErrorHandler.ErrorHandlingMode.RaiseEvent">
            <summary>
            Raise events but don't throw exceptions
            </summary>
        </member>
        <member name="F:com.cyberinternauts.csharp.CmdStarter.Lib.AssemblyLoadErrorHandler.ErrorHandlingMode.Throw">
            <summary>
            Throw exceptions immediately
            </summary>
        </member>
        <member name="P:com.cyberinternauts.csharp.CmdStarter.Lib.AssemblyLoadErrorHandler.Mode">
            <summary>
            Current error handling mode
            </summary>
        </member>
        <member name="E:com.cyberinternauts.csharp.CmdStarter.Lib.AssemblyLoadErrorHandler.AssemblyLoadError">
            <summary>
            Event raised when an assembly fails to load
            </summary>
        </member>
        <member name="E:com.cyberinternauts.csharp.CmdStarter.Lib.AssemblyLoadErrorHandler.TypeLoadError">
            <summary>
            Event raised when getting types from an assembly fails
            </summary>
        </member>
        <member name="M:com.cyberinternauts.csharp.CmdStarter.Lib.AssemblyLoadErrorHandler.GetAssemblies">
            <summary>
            Safely get assemblies, handling any exceptions according to the current Mode
            </summary>
        </member>
        <member name="M:com.cyberinternauts.csharp.CmdStarter.Lib.AssemblyLoadErrorHandler.GetTypesFromAssembly(System.Reflection.Assembly)">
            <summary>
            Safely get types from an assembly, handling any exceptions according to the current Mode
            </summary>
        </member>
        <member name="T:com.cyberinternauts.csharp.CmdStarter.Lib.AssemblyLoadErrorEventArgs">
            <summary>
            Event arguments for assembly load errors
            </summary>
        </member>
        <member name="P:com.cyberinternauts.csharp.CmdStarter.Lib.AssemblyLoadErrorEventArgs.Assembly">
            <summary>
            The assembly that failed to load, if available
            </summary>
        </member>
        <member name="P:com.cyberinternauts.csharp.CmdStarter.Lib.AssemblyLoadErrorEventArgs.Exception">
            <summary>
            The exception that occurred
            </summary>
        </member>
        <member name="M:com.cyberinternauts.csharp.CmdStarter.Lib.AssemblyLoadErrorEventArgs.#ctor(System.Reflection.Assembly,System.Exception)">
            <summary>
            Creates a new instance of the AssemblyLoadErrorEventArgs class
            </summary>
            <param name="assembly">The assembly that failed to load, if available</param>
            <param name="exception">The exception that occurred</param>
        </member>
        <member name="T:com.cyberinternauts.csharp.CmdStarter.Lib.TypeLoadErrorEventArgs">
            <summary>
            Event arguments for type load errors
            </summary>
        </member>
        <member name="P:com.cyberinternauts.csharp.CmdStarter.Lib.TypeLoadErrorEventArgs.Assembly">
            <summary>
            The assembly from which types were being loaded
            </summary>
        </member>
        <member name="P:com.cyberinternauts.csharp.CmdStarter.Lib.TypeLoadErrorEventArgs.Exception">
            <summary>
            The exception that occurred
            </summary>
        </member>
        <member name="M:com.cyberinternauts.csharp.CmdStarter.Lib.TypeLoadErrorEventArgs.#ctor(System.Reflection.Assembly,System.Exception)">
            <summary>
            Creates a new instance of the TypeLoadErrorEventArgs class
            </summary>
            <param name="assembly">The assembly from which types were being loaded</param>
            <param name="exception">The exception that occurred</param>
        </member>
        <member name="T:com.cyberinternauts.csharp.CmdStarter.Lib.Attributes.AliasAttribute">
            <summary>
            Defines aliases for a command or an option.
            </summary>
        </member>
        <member name="F:com.cyberinternauts.csharp.CmdStarter.Lib.Attributes.AliasAttribute.DEFAULT_PREFIX">
            <summary>
            The default prefix used if none was given.
            </summary>
        </member>
        <member name="P:com.cyberinternauts.csharp.CmdStarter.Lib.Attributes.AliasAttribute.Aliases">
            <summary>
            Gets the aliases.
            </summary>
        </member>
        <member name="P:com.cyberinternauts.csharp.CmdStarter.Lib.Attributes.AliasAttribute.Prefix">
            <summary>
            Gets the prefix used.
            </summary>
        </member>
        <member name="P:com.cyberinternauts.csharp.CmdStarter.Lib.Attributes.AliasAttribute.UsePrefix">
            <summary>
            Gets a value that represents wheter prefix should be used or not.
            </summary>
        </member>
        <member name="M:com.cyberinternauts.csharp.CmdStarter.Lib.Attributes.AliasAttribute.#ctor(System.Boolean,System.String[])">
            <summary>
            Creates a new instance of <see cref="T:com.cyberinternauts.csharp.CmdStarter.Lib.Attributes.AliasAttribute"/>.
            </summary>
            <param name="usePrefix">Determines wheter the aliases have prefixes or not.</param>
            <param name="aliases">The aliases.</param>
        </member>
        <member name="M:com.cyberinternauts.csharp.CmdStarter.Lib.Attributes.AliasAttribute.#ctor(System.String[])">
            <summary>
            Creates a new instance of <see cref="T:com.cyberinternauts.csharp.CmdStarter.Lib.Attributes.AliasAttribute"/>.
            </summary>
            <param name="aliases">The aliases.</param>
        </member>
        <member name="P:com.cyberinternauts.csharp.CmdStarter.Lib.Attributes.AliasAttribute.Item(System.Int32)">
            <summary>
            Gets the alias at the specified index.
            </summary>
            <returns>The alias at the specified index.</returns>
        </member>
        <member name="M:com.cyberinternauts.csharp.CmdStarter.Lib.Attributes.AliasAttribute.GetEnumerator">
            <inheritdoc/>
        </member>
        <member name="T:com.cyberinternauts.csharp.CmdStarter.Lib.Attributes.AllOptionsExcludedAttribute">
            <summary>
            Stops all properties of the class from becoming options.
            </summary>
        </member>
        <member name="T:com.cyberinternauts.csharp.CmdStarter.Lib.Attributes.AutoCompleteAttribute">
            <summary>
            Defines auto-completions for an <see cref="T:System.CommandLine.Option"/> or an <see cref="T:System.CommandLine.Argument"/>.
            </summary>
        </member>
        <member name="P:com.cyberinternauts.csharp.CmdStarter.Lib.Attributes.AutoCompleteAttribute.Context">
            <summary>
            Return a completion delegate that provides the items of possible completions.
            </summary>
        </member>
        <member name="M:com.cyberinternauts.csharp.CmdStarter.Lib.Attributes.AutoCompleteAttribute.#ctor(System.Type)">
            <summary>
            Generates completion from a given features type.
            <para>
            If <paramref name="features"/> is <see langword="typeof"/> <see cref="T:System.Enum"/>
            generates auto completions from all values. 
            </para>
            <para>
            If <paramref name="features"/> is <see langword="typeof"/> <see cref="T:com.cyberinternauts.csharp.CmdStarter.Lib.Interfaces.IAutoCompleteProvider"/>
            retrieves auto completions from there.
            </para>
            <para>
            If <paramref name="features"/> is <see langword="typeof"/> <see cref="T:com.cyberinternauts.csharp.CmdStarter.Lib.Interfaces.IAutoCompleteFactory"/>
            provides other completion information.
            </para>
            </summary>
            <param name="features"><see cref="T:System.Type"/> of an <see cref="T:System.Enum"/> or an <see cref="T:com.cyberinternauts.csharp.CmdStarter.Lib.Interfaces.IAutoCompleteProvider"/>.</param>
        </member>
        <member name="M:com.cyberinternauts.csharp.CmdStarter.Lib.Attributes.AutoCompleteAttribute.#ctor(System.Object[])">
            <summary>
            Creates auto completions from the given parameters.
            </summary>
            <param name="completions">Labels for the auto completions.</param>
            <exception cref="T:System.ArgumentNullException"></exception>
        </member>
        <member name="M:com.cyberinternauts.csharp.CmdStarter.Lib.Attributes.AutoCompleteAttribute.#ctor(System.Type,System.Object[])">
            <summary>
            Creates auto completions from the given <paramref name="completions"/> and runs them through the <paramref name="features"/>.
            </summary>
            <param name="features">Must be <see langword="typeof"/> <see cref="T:com.cyberinternauts.csharp.CmdStarter.Lib.Interfaces.IAutoCompleteFactory"/>.</param>
            <param name="completions">Labels for the auto completions.</param>
        </member>
        <member name="T:com.cyberinternauts.csharp.CmdStarter.Lib.Attributes.AutoCompleteAttribute`1">
            <inheritdoc cref="T:com.cyberinternauts.csharp.CmdStarter.Lib.Attributes.AutoCompleteAttribute"/>
            <typeparam name="T">
            Defines the behaviour of the attribute.
            <para>
            More info in constructors.
            </para>
            </typeparam>
        </member>
        <member name="M:com.cyberinternauts.csharp.CmdStarter.Lib.Attributes.AutoCompleteAttribute`1.#ctor">
            <summary>
            <para>
            If <typeparamref name="T"/> is <see langword="typeof"/> <see cref="T:System.Enum"/>
            generates auto completions from all values. 
            </para>
            <para>
            If <typeparamref name="T"/> is <see langword="typeof"/> <see cref="T:com.cyberinternauts.csharp.CmdStarter.Lib.Interfaces.IAutoCompleteProvider"/>
            retrieves auto completions from there.
            </para>
            <para>
            Can also be <see langword="typeof"/> <see cref="T:com.cyberinternauts.csharp.CmdStarter.Lib.Interfaces.IAutoCompleteFactory"/> besides these.
            </para>
            </summary>
        </member>
        <member name="M:com.cyberinternauts.csharp.CmdStarter.Lib.Attributes.AutoCompleteAttribute`1.#ctor(System.Object[])">
            <summary>
            Creates auto completions from the given <paramref name="completions"/> and handles <typeparamref name="T"/>.
            <para>
            <typeparamref name="T"/> must be <see langword="typeof"/> <see cref="T:com.cyberinternauts.csharp.CmdStarter.Lib.Interfaces.IAutoCompleteProvider"/>.
            <para>
            Can also be <see langword="typeof"/> <see cref="T:com.cyberinternauts.csharp.CmdStarter.Lib.Interfaces.IAutoCompleteFactory"/>.
            </para>
            </para>
            </summary>
            <param name="completions">Labels for the auto completions.</param>
        </member>
        <member name="T:com.cyberinternauts.csharp.CmdStarter.Lib.Attributes.ChildrenAttribute">
            <summary>
            Set children to a class using a namespace
            </summary>
        </member>
        <member name="P:com.cyberinternauts.csharp.CmdStarter.Lib.Attributes.ChildrenAttribute.Namespace">
            <summary>
            Namespace to look for children
            </summary>
        </member>
        <member name="M:com.cyberinternauts.csharp.CmdStarter.Lib.Attributes.ChildrenAttribute.#ctor(System.Type)">
            <summary>
            Use the namespace of the type
            </summary>
            <param name="namespaceForChildren">Type to get the namespace</param>
        </member>
        <member name="M:com.cyberinternauts.csharp.CmdStarter.Lib.Attributes.ChildrenAttribute.#ctor(System.String)">
            <summary>
            Possible usage:<br/>
            - [Children($"{nameof(com)}.{nameof(cyberinternauts)}")]<br/>
            - [Children("com.cyberinternauts")]
            </summary>
            <param name="namespaceForChildren"></param>
        </member>
        <member name="T:com.cyberinternauts.csharp.CmdStarter.Lib.Attributes.ChildrenAttribute`1">
            <summary>
            Set children to a class using the namespace of the generic type
            </summary>
            <typeparam name="ClassForNamespace"></typeparam>
        </member>
        <member name="M:com.cyberinternauts.csharp.CmdStarter.Lib.Attributes.ChildrenAttribute`1.#ctor">
            <summary>
            <see cref="M:com.cyberinternauts.csharp.CmdStarter.Lib.Attributes.ChildrenAttribute.#ctor(System.Type)"/>
            </summary>
        </member>
        <member name="T:com.cyberinternauts.csharp.CmdStarter.Lib.Attributes.HiddenAttribute">
            <summary>
            Hide from help
            </summary>
        </member>
        <member name="T:com.cyberinternauts.csharp.CmdStarter.Lib.Attributes.NotOptionAttribute">
            <summary>
            Stops a property from becoming an option.
            </summary>
        </member>
        <member name="T:com.cyberinternauts.csharp.CmdStarter.Lib.Attributes.OptionAttribute">
            <summary>
            Defines a property as an option.
            <para>
            Excludes all properties from forming into options except the ones with the <see cref="T:com.cyberinternauts.csharp.CmdStarter.Lib.Attributes.OptionAttribute"/>.
            </para>
            </summary>
        </member>
        <member name="T:com.cyberinternauts.csharp.CmdStarter.Lib.Attributes.ParentAttribute">
            <summary>
            Set the type that will be used as parent
            </summary>
        </member>
        <member name="P:com.cyberinternauts.csharp.CmdStarter.Lib.Attributes.ParentAttribute.Parent">
            <summary>
            Type of the parent. Can be null if no parent
            </summary>
        </member>
        <member name="M:com.cyberinternauts.csharp.CmdStarter.Lib.Attributes.ParentAttribute.#ctor(System.Type)">
            <summary>
            Constructor with the parent type
            </summary>
            <param name="parent"></param>
        </member>
        <member name="T:com.cyberinternauts.csharp.CmdStarter.Lib.Attributes.ParentAttribute`1">
            <inheritdoc cref="T:com.cyberinternauts.csharp.CmdStarter.Lib.Attributes.ParentAttribute"/>
        </member>
        <member name="M:com.cyberinternauts.csharp.CmdStarter.Lib.Attributes.ParentAttribute`1.#ctor">
            <inheritdoc cref="M:com.cyberinternauts.csharp.CmdStarter.Lib.Attributes.ParentAttribute.#ctor(System.Type)"/>
        </member>
        <member name="T:com.cyberinternauts.csharp.CmdStarter.Lib.Exceptions.InvalidAttributeException">
            <summary>
            Attribute is not valid exception
            </summary>
        </member>
        <member name="M:com.cyberinternauts.csharp.CmdStarter.Lib.Exceptions.InvalidAttributeException.#ctor">
            <summary>
            Default constructor
            </summary>
        </member>
        <member name="M:com.cyberinternauts.csharp.CmdStarter.Lib.Exceptions.InvalidAttributeException.#ctor(System.String)">
            <summary>
            Constructor with a specific message
            </summary>
            <param name="message"></param>
        </member>
        <member name="T:com.cyberinternauts.csharp.CmdStarter.Lib.Exceptions.LoopException">
            <summary>
            Loop detected exception
            </summary>
        </member>
        <member name="P:com.cyberinternauts.csharp.CmdStarter.Lib.Exceptions.LoopException.Command1">
            <summary>
            First command in the loop
            </summary>
        </member>
        <member name="P:com.cyberinternauts.csharp.CmdStarter.Lib.Exceptions.LoopException.Command2">
            <summary>
            Last command that loops back to the first one
            </summary>
        </member>
        <member name="M:com.cyberinternauts.csharp.CmdStarter.Lib.Exceptions.LoopException.#ctor(System.Type,System.Type)">
            <summary>
            Constructor with both commands
            </summary>
            <param name="cmd1">First command in the loop</param>
            <param name="cmd2">Last command that loops back to the first one</param>
        </member>
        <member name="T:com.cyberinternauts.csharp.CmdStarter.Lib.Exceptions.NoCommandFoundException">
            <summary>
            No command found exception after applying a <see cref="T:com.cyberinternauts.csharp.CmdStarter.Lib.Exceptions.NoCommandFoundException.Filter"/>
            </summary>
        </member>
        <member name="T:com.cyberinternauts.csharp.CmdStarter.Lib.Exceptions.NoCommandFoundException.Filter">
            <summary>
            Possible filters
            </summary>
        </member>
        <member name="F:com.cyberinternauts.csharp.CmdStarter.Lib.Exceptions.NoCommandFoundException.Filter.Namespaces">
            <summary>
            Namespaces filter
            </summary>
        </member>
        <member name="F:com.cyberinternauts.csharp.CmdStarter.Lib.Exceptions.NoCommandFoundException.Filter.Classes">
            <summary>
            Classes filter
            </summary>
        </member>
        <member name="P:com.cyberinternauts.csharp.CmdStarter.Lib.Exceptions.NoCommandFoundException.LastFilterApplied">
            <summary>
            Last filter applied
            </summary>
        </member>
        <member name="M:com.cyberinternauts.csharp.CmdStarter.Lib.Exceptions.NoCommandFoundException.#ctor(com.cyberinternauts.csharp.CmdStarter.Lib.Exceptions.NoCommandFoundException.Filter)">
            <summary>
            Constructor with <see cref="T:com.cyberinternauts.csharp.CmdStarter.Lib.Exceptions.NoCommandFoundException.Filter"/> that was applied to obtained no command
            </summary>
            <param name="lastFilterApplied"></param>
        </member>
        <member name="T:com.cyberinternauts.csharp.CmdStarter.Lib.Extensions.IStarterCommandExtensions">
            <summary>
            <see cref="T:com.cyberinternauts.csharp.CmdStarter.Lib.Interfaces.IStarterCommand"/> extensions
            </summary>
        </member>
        <member name="M:com.cyberinternauts.csharp.CmdStarter.Lib.Extensions.IStarterCommandExtensions.GetGlobalOptions``1(com.cyberinternauts.csharp.CmdStarter.Lib.Interfaces.IStarterCommand)">
            <summary>
            Shortcut to retrieve the proper global options object
            </summary>
            <remarks>Defined as an extension method so the <see cref="P:com.cyberinternauts.csharp.CmdStarter.Lib.Interfaces.IStarterCommand.HandlingMethod"/> can access it without casting itself to <see cref="T:com.cyberinternauts.csharp.CmdStarter.Lib.Interfaces.IStarterCommand"/> </remarks>
            <typeparam name="GlobalOptionsType"></typeparam>
            <param name="obj"></param>
            <returns></returns>
        </member>
        <member name="T:com.cyberinternauts.csharp.CmdStarter.Lib.Extensions.StringExtensions">
            <summary>
            Strings extensions
            </summary>
        </member>
        <member name="M:com.cyberinternauts.csharp.CmdStarter.Lib.Extensions.StringExtensions.PascalToKebabCase(System.String)">
            <summary>
            Transpose from pascal case to kebab one.
            </summary>
            <remarks>
            Taken from: https://stackoverflow.com/questions/37301287/how-do-i-convert-pascalcase-to-kebab-case-with-c/54012346#54012346
            </remarks>
            <param name="source"></param>
            <returns></returns>
        </member>
        <member name="T:com.cyberinternauts.csharp.CmdStarter.Lib.GlobalOptionsManager">
            <summary>
            Manager for all global options classes found
            </summary>
        </member>
        <member name="P:com.cyberinternauts.csharp.CmdStarter.Lib.GlobalOptionsManager.GlobalOptionsTypes">
            <summary>
            List of all global options types
            </summary>
        </member>
        <member name="M:com.cyberinternauts.csharp.CmdStarter.Lib.GlobalOptionsManager.GetGlobalOptions``1">
            <summary>
            Retrieve a global options container of a specific type
            </summary>
            <typeparam name="GlobalOptionsType">Global options container type to look for</typeparam>
            <returns>An <see cref="T:com.cyberinternauts.csharp.CmdStarter.Lib.Interfaces.IGlobalOptionsContainer"/> or null if nothing found</returns>
        </member>
        <member name="M:com.cyberinternauts.csharp.CmdStarter.Lib.GlobalOptionsManager.SetGlobalOptions``1(``0)">
            <summary>
            Add/change a global options container object based on its type
            </summary>
            <typeparam name="GlobalOptionsType">Global options container type to use as key</typeparam>
            <param name="globalOption"></param>
        </member>
        <member name="T:com.cyberinternauts.csharp.CmdStarter.Lib.Interfaces.IAutoCompleteFactory">
            <summary>
            Interface to implement auto completion values options
            </summary>
        </member>
        <member name="M:com.cyberinternauts.csharp.CmdStarter.Lib.Interfaces.IAutoCompleteFactory.GetSortText(System.String)">
            <summary>
            Gets the value used to sort the completion item in a list. If this is not provided, then label is used.
            </summary>
        </member>
        <member name="M:com.cyberinternauts.csharp.CmdStarter.Lib.Interfaces.IAutoCompleteFactory.GetInsertText(System.String)">
            <summary>
            Gets the text to be inserted by this completion item. If this is not provided, then label is used.
            </summary>
        </member>
        <member name="M:com.cyberinternauts.csharp.CmdStarter.Lib.Interfaces.IAutoCompleteFactory.GetDocumentation(System.String)">
            <summary>
            Gets documentation about the completion item.
            </summary>
        </member>
        <member name="M:com.cyberinternauts.csharp.CmdStarter.Lib.Interfaces.IAutoCompleteFactory.GetDetail(System.String)">
            <summary>
            Generates additional details regarding the completion item.
            </summary>
        </member>
        <member name="M:com.cyberinternauts.csharp.CmdStarter.Lib.Interfaces.IAutoCompleteFactory.GetInstance">
            <summary>
            Obtain the instance of the factory
            </summary>
            <returns></returns>
        </member>
        <member name="T:com.cyberinternauts.csharp.CmdStarter.Lib.Interfaces.IAutoCompleteProvider">
            <summary>
            Interface to obtain the list of completions
            </summary>
        </member>
        <member name="M:com.cyberinternauts.csharp.CmdStarter.Lib.Interfaces.IAutoCompleteProvider.GetAutoCompletes">
            <summary>
            List of completions
            </summary>
            <returns></returns>
        </member>
        <member name="M:com.cyberinternauts.csharp.CmdStarter.Lib.Interfaces.IAutoCompleteProvider.GetInstance">
            <summary>
            Obtain the instance of the auto completion provider
            </summary>
            <returns></returns>
        </member>
        <member name="T:com.cyberinternauts.csharp.CmdStarter.Lib.Interfaces.IGlobalOptionsContainer">
            <summary>
            Interface to designate a class as a global options container
            </summary>
        </member>
        <member name="T:com.cyberinternauts.csharp.CmdStarter.Lib.Interfaces.IServiceManager">
            <summary>
            Interface to support dependency injection easily
            </summary>
        </member>
        <member name="M:com.cyberinternauts.csharp.CmdStarter.Lib.Interfaces.IServiceManager.SetService(System.Type)">
            <summary>
            Add/set a service accessible through dependency injection
            </summary>
            <param name="service">The type of the service</param>
        </member>
        <member name="T:com.cyberinternauts.csharp.CmdStarter.Lib.Interfaces.IStarterCommand">
            <summary>
            Interface to implement command line execution of a class
            </summary>
        </member>
        <member name="F:com.cyberinternauts.csharp.CmdStarter.Lib.Interfaces.IStarterCommand.EMPTY_EXECUTION">
            <summary>
            Empty body method
            </summary>
        </member>
        <member name="P:com.cyberinternauts.csharp.CmdStarter.Lib.Interfaces.IStarterCommand.GlobalOptionsManager">
            <summary>
            Get/set the global options manager
            </summary>
        </member>
        <member name="P:com.cyberinternauts.csharp.CmdStarter.Lib.Interfaces.IStarterCommand.HandlingMethod">
            <summary>
            Method that handles execution
            </summary>
        </member>
        <member name="M:com.cyberinternauts.csharp.CmdStarter.Lib.Interfaces.IStarterCommand.GetInstance``1">
            <summary>
            Get instance of the class implementing <see cref="T:com.cyberinternauts.csharp.CmdStarter.Lib.Interfaces.IStarterCommand"/>
            </summary>
            <typeparam name="CommandType">Command type to get the instance of</typeparam>
            <returns>An instance of the class implementing <see cref="T:com.cyberinternauts.csharp.CmdStarter.Lib.Interfaces.IStarterCommand"/></returns>
        </member>
        <member name="T:com.cyberinternauts.csharp.CmdStarter.Lib.Loader.ClassesBuildingMode">
            <summary>
            Building mode (Order is important. Ending when ClassC is assigned)
            </summary>
        </member>
        <member name="F:com.cyberinternauts.csharp.CmdStarter.Lib.Loader.ClassesBuildingMode.Both">
            <summary>
            Use (Parent|Children)Attributes and if nothing then namespaces.
                - If ClassC has a <see cref="T:com.cyberinternauts.csharp.CmdStarter.Lib.Attributes.ParentAttribute"/> set to ClassP ==> Assign ClassC as subcommand of ClassP.
                - If ClassP has a <see cref="T:com.cyberinternauts.csharp.CmdStarter.Lib.Attributes.ChildrenAttribute"/> set to the namespace of ClassC ==> Assign ClassC as subcommand of ClassP.
                - If ClassC's parent namespace has only one <see cref="T:com.cyberinternauts.csharp.CmdStarter.Lib.Interfaces.IStarterCommand"/> (ClassP) AND :
                    - ClassC doesn't have a <see cref="T:com.cyberinternauts.csharp.CmdStarter.Lib.Attributes.ParentAttribute"/> ==> Assign ClassC as subcommand of ClassP.
                    - ClassC is not covered by a <see cref="T:com.cyberinternauts.csharp.CmdStarter.Lib.Attributes.ChildrenAttribute"/> ==> Assign ClassC as subcommand of ClassP.
            </summary>
        </member>
        <member name="F:com.cyberinternauts.csharp.CmdStarter.Lib.Loader.ClassesBuildingMode.OnlyAttributes">
            <summary>
            Use only (Parent|Children)Attributes.
                - If ClassC has a <see cref="T:com.cyberinternauts.csharp.CmdStarter.Lib.Attributes.ParentAttribute"/>  set to ClassP ==> Assign ClassC as subcommand of ClassP.
                - If ClassP has a <see cref="T:com.cyberinternauts.csharp.CmdStarter.Lib.Attributes.ChildrenAttribute"/> set to the namespace of ClassC ==> Assign ClassC as subcommand of ClassP.
            </summary>
        </member>
        <member name="F:com.cyberinternauts.csharp.CmdStarter.Lib.Loader.ClassesBuildingMode.OnlyNamespaces">
            <summary>
                - If ClassC's parent namespace has only one <see cref="T:com.cyberinternauts.csharp.CmdStarter.Lib.Interfaces.IStarterCommand"/> (ClassP)
            </summary>
        </member>
        <member name="P:com.cyberinternauts.csharp.CmdStarter.Lib.Loader.CommandsTreeBuilder.ClassesBuildingMode">
            <summary>
            Configure how to build the commands tree using one of <see cref="T:com.cyberinternauts.csharp.CmdStarter.Lib.Loader.ClassesBuildingMode"/>
            </summary>
        </member>
        <member name="M:com.cyberinternauts.csharp.CmdStarter.Lib.Loader.CommandsTreeBuilder.AddParentsToTree(com.cyberinternauts.csharp.CmdStarter.Lib.Loader.TreeNode{System.Type})">
            <summary>
            Add to the tree all the commands types having a <see cref="T:com.cyberinternauts.csharp.CmdStarter.Lib.Attributes.ParentAttribute"/> and their parent
            </summary>
            <param name="tree"></param>
        </member>
        <member name="M:com.cyberinternauts.csharp.CmdStarter.Lib.Loader.CommandsTreeBuilder.AddChildrenToTree(com.cyberinternauts.csharp.CmdStarter.Lib.Loader.TreeNode{System.Type})">
            <summary>
            Add all commands types under the namespaces from commands types having a <see cref="T:com.cyberinternauts.csharp.CmdStarter.Lib.Attributes.ChildrenAttribute"/> to them. <br/><br/>
            - If the parent (the command with <see cref="T:com.cyberinternauts.csharp.CmdStarter.Lib.Attributes.ChildrenAttribute"/>) isn't in the tree, it is added at the root.<br/>
            - If the command type is already in the tree without a <see cref="T:com.cyberinternauts.csharp.CmdStarter.Lib.Attributes.ParentAttribute"/>, it is moved to the parent.<br/>
            - Otherwise, the command type is added to the parent.
            </summary>
            <remarks>
            <see cref="T:com.cyberinternauts.csharp.CmdStarter.Lib.Attributes.ParentAttribute"/> has precedence over <see cref="T:com.cyberinternauts.csharp.CmdStarter.Lib.Attributes.ChildrenAttribute"/>
            </remarks>
            <param name="tree"></param>
        </member>
        <member name="M:com.cyberinternauts.csharp.CmdStarter.Lib.Loader.CommandsTreeBuilder.AddLonelyToTree(com.cyberinternauts.csharp.CmdStarter.Lib.Loader.TreeNode{System.Type})">
            <summary>
            Add commands types not already in the tree at the root
            </summary>
            <param name="tree"></param>
        </member>
        <member name="M:com.cyberinternauts.csharp.CmdStarter.Lib.Loader.CommandsTreeBuilder.AddByNamespacesHierachy(com.cyberinternauts.csharp.CmdStarter.Lib.Loader.TreeNode{System.Type},System.Boolean)">
            <summary>
            Add commands types using their namespace to build the tree. <br/>
            - If the command type is not already in the tree.<br/>
            - If the commant type is in the tree, but shall be under type, move it (except if <see cref="T:com.cyberinternauts.csharp.CmdStarter.Lib.Attributes.ParentAttribute"/> is present.
            </summary>
            <param name="tree"></param>
            <param name="noMoveIfParentAttribute"></param>
            <remarks>To be a parent, the command type has to be alone in its namespace</remarks>
        </member>
        <member name="T:com.cyberinternauts.csharp.CmdStarter.Lib.Loader.TreeNode`1">
            <summary>
            
            Ref: https://stackoverflow.com/a/10442244/214898
            </summary>
            <typeparam name="T"></typeparam>
        </member>
        <member name="M:com.cyberinternauts.csharp.CmdStarter.Lib.Loader.TreeNode`1.#ctor(`0)">
            <summary>
            Constructor of the node
            </summary>
            <param name="value">value to assign to this node</param>
        </member>
        <member name="P:com.cyberinternauts.csharp.CmdStarter.Lib.Loader.TreeNode`1.Item(System.Int32)">
            <summary>
            Indexer accessor
            </summary>
            <param name="i"></param>
            <returns></returns>
        </member>
        <member name="P:com.cyberinternauts.csharp.CmdStarter.Lib.Loader.TreeNode`1.IsImmutable">
            <summary>
            Set if the node is immutable
            </summary>
        </member>
        <member name="P:com.cyberinternauts.csharp.CmdStarter.Lib.Loader.TreeNode`1.Parent">
            <summary>
            Parent of the node or null if there is none
            </summary>
        </member>
        <member name="P:com.cyberinternauts.csharp.CmdStarter.Lib.Loader.TreeNode`1.Value">
            <summary>
            Value of the node or none if there is none
            </summary>
        </member>
        <member name="P:com.cyberinternauts.csharp.CmdStarter.Lib.Loader.TreeNode`1.Children">
            <summary>
            Children of the node
            </summary>
        </member>
        <member name="M:com.cyberinternauts.csharp.CmdStarter.Lib.Loader.TreeNode`1.Traverse(System.Action{`0})">
            <summary>
            Execution on execution on all nodes
            </summary>
            <param name="action"></param>
        </member>
        <member name="M:com.cyberinternauts.csharp.CmdStarter.Lib.Loader.TreeNode`1.FlattenNodes">
            <summary>
            List of this node and all its descendants
            </summary>
            <returns></returns>
        </member>
        <member name="M:com.cyberinternauts.csharp.CmdStarter.Lib.Loader.TreeNode`1.FlattenValues">
            <summary>
            List of this node's value and all its descendants values
            </summary>
            <returns></returns>
        </member>
        <member name="M:com.cyberinternauts.csharp.CmdStarter.Lib.Loader.TreeNode`1.FindNode(`0)">
            <summary>
            Find a node using its value
            </summary>
            <param name="value">Value to find</param>
            <returns><see cref="T:com.cyberinternauts.csharp.CmdStarter.Lib.Loader.TreeNode`1"/> if found otherwise null</returns>
        </member>
        <member name="M:com.cyberinternauts.csharp.CmdStarter.Lib.Loader.TreeNode`1.GetRootNode">
            <summary>
            Return the root node
            </summary>
            <returns></returns>
        </member>
        <member name="M:com.cyberinternauts.csharp.CmdStarter.Lib.Loader.TreeNode`1.SetImmutable">
            <summary>
            Lock permently the tree: no adding, removal nor move
            </summary>
        </member>
        <member name="M:com.cyberinternauts.csharp.CmdStarter.Lib.Loader.TreeNode`1.AddChild(`0)">
            <summary>
            Add a child using a value
            </summary>
            <param name="value">Value of the node</param>
            <returns>a newly created node</returns>
            <exception cref="T:System.Data.ReadOnlyException">The tree is locked for modification</exception>
        </member>
        <member name="M:com.cyberinternauts.csharp.CmdStarter.Lib.Loader.TreeNode`1.AddChild(com.cyberinternauts.csharp.CmdStarter.Lib.Loader.TreeNode{`0})">
            <summary>
            Add a child using a node
            </summary>
            <param name="node">Node to add</param>
            <returns>node passed</returns>
            <exception cref="T:System.Data.ReadOnlyException">The tree is locked for modification</exception>
        </member>
        <member name="M:com.cyberinternauts.csharp.CmdStarter.Lib.Loader.TreeNode`1.AddChildren(`0[])">
            <summary>
            Add multiple children using a list of value
            </summary>
            <param name="values">List of values to will each create a node</param>
            <returns>a list of newly created node</returns>
            <exception cref="T:System.Data.ReadOnlyException">The tree is locked for modification</exception>
        </member>
        <member name="M:com.cyberinternauts.csharp.CmdStarter.Lib.Loader.TreeNode`1.RemoveChild(com.cyberinternauts.csharp.CmdStarter.Lib.Loader.TreeNode{`0})">
            <summary>
            Remove a child using a node
            </summary>
            <param name="node">Node to remove</param>
            <returns>true if removed</returns>
            <exception cref="T:System.Data.ReadOnlyException">The tree is locked for modification</exception>
        </member>
        <member name="M:com.cyberinternauts.csharp.CmdStarter.Lib.Loader.TreeNode`1.MoveNode(com.cyberinternauts.csharp.CmdStarter.Lib.Loader.TreeNode{`0})">
            <summary>
            Move the node to a new parent
            </summary>
            <param name="newParent">Node that will be the new parent</param>
            <exception cref="T:System.Data.ReadOnlyException">The tree is locked for modification</exception>
        </member>
        <member name="T:com.cyberinternauts.csharp.CmdStarter.Lib.Reflection.Helper">
            <summary>
            Reflection helper class specific to <see cref="T:com.cyberinternauts.csharp.CmdStarter.Lib.Interfaces.IStarterCommand"/>
            </summary>
        </member>
        <member name="M:com.cyberinternauts.csharp.CmdStarter.Lib.Reflection.Helper.FindGetInstanceMethod(System.Type)">
            <summary>
            Find the most derived <see cref="M:com.cyberinternauts.csharp.CmdStarter.Lib.Interfaces.IStarterCommand.GetInstance``1"/> or use default implementation
            </summary>
            <param name="commandType">Command type to look for <see cref="M:com.cyberinternauts.csharp.CmdStarter.Lib.Interfaces.IStarterCommand.GetInstance``1"/></param>
            <returns>A method info object of the method to execute</returns>
        </member>
        <member name="M:com.cyberinternauts.csharp.CmdStarter.Lib.Reflection.Helper.GetProperties(System.Object)">
            <inheritdoc cref="M:com.cyberinternauts.csharp.CmdStarter.Lib.Reflection.Helper.GetProperties(System.Type)"/>
        </member>
        <member name="M:com.cyberinternauts.csharp.CmdStarter.Lib.Reflection.Helper.GetProperties(System.Type)">
            <summary>
            Retrieve properties on a type that are considered as options
            </summary>
            <param name="type">Type to look properties on</param>
            <returns>A list of properties</returns>
        </member>
        <member name="M:com.cyberinternauts.csharp.CmdStarter.Lib.Reflection.Helper.FilterTypesByNamespaces(System.Collections.Generic.IEnumerable{System.Type},System.Collections.Generic.List{System.String})">
            <summary>
            Filter a list of types using namespaces
            </summary>
            <param name="commandsTypes">Commands types to filter</param>
            <param name="namespaces">Namespaces to accept or reject</param>
            <returns>The filtered list of commands types</returns>
        </member>
        <member name="M:com.cyberinternauts.csharp.CmdStarter.Lib.Reflection.Helper.FilterTypesByClasses(System.Collections.Generic.IEnumerable{System.Type},System.Collections.Generic.List{System.String})">
            <summary>
            Filter a list of types using full classes names
            </summary>
            <param name="commandsTypes">Commands types to filter</param>
            <param name="classes">Classes names to filter: Wildcard can be used (?, ??, *, **)</param>
            <returns>The filtered list of commands types</returns>
        </member>
        <member name="M:com.cyberinternauts.csharp.CmdStarter.Lib.Reflection.Helper.DotMatcher">
            <remarks>
            Pattern explanation:<br/>
            <code>
            ○ Match '\\'.<br/>
            ○ Match any character other than '\n'.<br/>
            </code>
            </remarks>
        </member>
        <member name="T:com.cyberinternauts.csharp.CmdStarter.Lib.SpecialCommands.GenericStarterCommand`1">
            <summary>
            Facade for <see cref="T:com.cyberinternauts.csharp.CmdStarter.Lib.Interfaces.IStarterCommand" /> that are not derived from <see cref="T:com.cyberinternauts.csharp.CmdStarter.Lib.StarterCommand"/>
            </summary>
            <typeparam name="CommandType">Type of the underlying command</typeparam>
        </member>
        <member name="P:com.cyberinternauts.csharp.CmdStarter.Lib.SpecialCommands.GenericStarterCommand`1.IStarterCommandType">
            <summary>
            Get the underlying command type
            </summary>
        </member>
        <member name="P:com.cyberinternauts.csharp.CmdStarter.Lib.SpecialCommands.GenericStarterCommand`1.HandlingMethod">
            <summary>
            Proxy for the underlying <see cref="P:com.cyberinternauts.csharp.CmdStarter.Lib.Interfaces.IStarterCommand.HandlingMethod"/>
            </summary>
        </member>
        <member name="P:com.cyberinternauts.csharp.CmdStarter.Lib.SpecialCommands.GenericStarterCommand`1.GlobalOptionsManager">
            <summary>
            Proxy for the underlying <see cref="P:com.cyberinternauts.csharp.CmdStarter.Lib.Interfaces.IStarterCommand.GlobalOptionsManager"/>
            </summary>
        </member>
        <member name="T:com.cyberinternauts.csharp.CmdStarter.Lib.Starter">
            <summary>
            Main class executing the command using the command line arguments
            </summary>
        </member>
        <member name="F:com.cyberinternauts.csharp.CmdStarter.Lib.Starter.EXCLUSION_SYMBOL">
            <summary>
            Exclusion symbol
            </summary>
        </member>
        <member name="F:com.cyberinternauts.csharp.CmdStarter.Lib.Starter.ANY_CHAR_SYMBOL">
            <summary>
            Any one character except dots
            </summary>
        </member>
        <member name="F:com.cyberinternauts.csharp.CmdStarter.Lib.Starter.ANY_CHAR_SYMBOL_INCLUDE_DOTS">
            <summary>
            Any one character including dots
            </summary>
        </member>
        <member name="F:com.cyberinternauts.csharp.CmdStarter.Lib.Starter.MULTI_ANY_CHAR_SYMBOL">
            <summary>
            Any multi characters except dots
            </summary>
        </member>
        <member name="F:com.cyberinternauts.csharp.CmdStarter.Lib.Starter.MULTI_ANY_CHAR_SYMBOL_INCLUDE_DOTS">
            <summary>
            Any multi characters including dots
            </summary>
        </member>
        <member name="M:com.cyberinternauts.csharp.CmdStarter.Lib.Starter.#ctor">
            <summary>
            Constructor without filters
            </summary>
        </member>
        <member name="M:com.cyberinternauts.csharp.CmdStarter.Lib.Starter.#ctor(System.String[])">
            <summary>
            Constructor with namespace filter
            </summary>
        </member>
        <member name="M:com.cyberinternauts.csharp.CmdStarter.Lib.Starter.#ctor(System.Collections.Generic.List{System.String})">
            <summary>
            Constructor with namespace filter
            </summary>
        </member>
        <member name="P:com.cyberinternauts.csharp.CmdStarter.Lib.Starter.GlobalOptionsManager">
            <summary>
            Access to the global options manager
            </summary>
        </member>
        <member name="P:com.cyberinternauts.csharp.CmdStarter.Lib.Starter.Namespaces">
            <summary>
            Filter by namespaces (includes child namespaces).<br/><br/>
            
            Using "~" in front of a namespace means to exclude this namespace and everything under.
            </summary>
            <remarks>
            An empty list means no filter.<br/><br/>
            
            Changing namespaces empty the commands.
            </remarks>
        </member>
        <member name="P:com.cyberinternauts.csharp.CmdStarter.Lib.Starter.Classes">
            <summary>
            Filter by classes.<br/><br/>
            
            - Wildcard "*" and "?" can be used<br/>
            - Wildcard "**" and "??" can also be used<br/>
            - Can include partial namespace<br/>
            - Using "~" in front of a class means to exclude this class
            </summary>
            <remarks>
            "*" and "?" do not include dots<br/>
            "**" and "??" do include dots<br/><br/>
            
            An empty list means no filter.<br/><br/>
            
            Changing classes empty the commands.
            </remarks>
        </member>
        <member name="P:com.cyberinternauts.csharp.CmdStarter.Lib.Starter.ClassesBuildingMode">
            <inheritdoc cref="P:com.cyberinternauts.csharp.CmdStarter.Lib.Loader.CommandsTreeBuilder.ClassesBuildingMode"/>
        </member>
        <member name="P:com.cyberinternauts.csharp.CmdStarter.Lib.Starter.IsRootingLonelyCommand">
            <summary>
            If true and only one command is found, assign the options and arguments to root instead.
            </summary>
        </member>
        <member name="P:com.cyberinternauts.csharp.CmdStarter.Lib.Starter.CommandsTypes">
            <summary>
            Commands types that will be used to build the tree
            </summary>
        </member>
        <member name="P:com.cyberinternauts.csharp.CmdStarter.Lib.Starter.CommandsTypesTree">
            <summary>
            Commands types tree that will be used to create the real commands tree under <see cref="P:com.cyberinternauts.csharp.CmdStarter.Lib.Starter.RootCommand"/>
            </summary>
        </member>
        <member name="P:com.cyberinternauts.csharp.CmdStarter.Lib.Starter.RootCommand">
            <summary>
            Access to the root command
            </summary>
        </member>
        <member name="P:com.cyberinternauts.csharp.CmdStarter.Lib.Starter.AssemblyLoadErrorHandler">
            <summary>
            Access to the assembly load error handler
            </summary>
        </member>
        <member name="M:com.cyberinternauts.csharp.CmdStarter.Lib.Starter.SetFactory(System.Func{System.Type,com.cyberinternauts.csharp.CmdStarter.Lib.Interfaces.IStarterCommand})">
            <summary>
            Change the factory used by <see cref="M:com.cyberinternauts.csharp.CmdStarter.Lib.Interfaces.IStarterCommand.GetInstance``1"/> default implementation
            </summary>
            <param name="factory"></param>
        </member>
        <member name="M:com.cyberinternauts.csharp.CmdStarter.Lib.Starter.SetDefaultFactory">
            <summary>
            Set back to default implementation the factory used by <see cref="M:com.cyberinternauts.csharp.CmdStarter.Lib.Interfaces.IStarterCommand.GetInstance``1"/>
            </summary>
        </member>
        <member name="M:com.cyberinternauts.csharp.CmdStarter.Lib.Starter.Start(System.String[])">
            <summary>
            Find all classes implementing <see cref="T:com.cyberinternauts.csharp.CmdStarter.Lib.Interfaces.IStarterCommand"/>, build a tree based on their namespaces and try to execute a command
            </summary>
        </member>
        <member name="M:com.cyberinternauts.csharp.CmdStarter.Lib.Starter.Start(System.String)">
            <summary>
            Find all classes implementing <see cref="T:com.cyberinternauts.csharp.CmdStarter.Lib.Interfaces.IStarterCommand"/>, build a tree based on their namespaces and try to execute a command
            </summary>
        </member>
        <member name="M:com.cyberinternauts.csharp.CmdStarter.Lib.Starter.Start(com.cyberinternauts.csharp.CmdStarter.Lib.Interfaces.IServiceManager,System.String[])">
            <summary>
            Find all classes implementing <see cref="T:com.cyberinternauts.csharp.CmdStarter.Lib.Interfaces.IStarterCommand"/>, build a tree based on their namespaces and try to execute a command
            </summary>
        </member>
        <member name="M:com.cyberinternauts.csharp.CmdStarter.Lib.Starter.Start(com.cyberinternauts.csharp.CmdStarter.Lib.Interfaces.IServiceManager,System.String)">
            <summary>
            Find all classes implementing <see cref="T:com.cyberinternauts.csharp.CmdStarter.Lib.Interfaces.IStarterCommand"/>, build a tree based on their namespaces and try to execute a command
            </summary>
        </member>
        <member name="M:com.cyberinternauts.csharp.CmdStarter.Lib.Starter.FindCommand``1">
            <summary>
            Find a command using an <see cref="T:com.cyberinternauts.csharp.CmdStarter.Lib.Interfaces.IStarterCommand"/> type
            </summary>
            <typeparam name="CommandType">Command type to find</typeparam>
            <returns>a <see cref="T:com.cyberinternauts.csharp.CmdStarter.Lib.StarterCommand"/> derived class</returns>
        </member>
        <member name="M:com.cyberinternauts.csharp.CmdStarter.Lib.Starter.FindCommandsTypes">
            <summary>
            Find all <see cref="T:com.cyberinternauts.csharp.CmdStarter.Lib.Interfaces.IStarterCommand"/>s that correspond to filters
            </summary>
            <exception cref="T:com.cyberinternauts.csharp.CmdStarter.Lib.Exceptions.NoCommandFoundException"></exception>
        </member>
        <member name="M:com.cyberinternauts.csharp.CmdStarter.Lib.Starter.BuildTree">
            <summary>
            Build tree from commands types found by <see cref="M:com.cyberinternauts.csharp.CmdStarter.Lib.Starter.FindCommandsTypes"/>
            </summary>
        </member>
        <member name="M:com.cyberinternauts.csharp.CmdStarter.Lib.Starter.InstantiateCommands">
            <summary>
            Instantiate commands using the tree built by <see cref="M:com.cyberinternauts.csharp.CmdStarter.Lib.Starter.BuildTree" />
            </summary>
        </member>
        <member name="M:com.cyberinternauts.csharp.CmdStarter.Lib.Starter.VisitCommands(System.Action{System.CommandLine.Command})">
            <summary>
            Execute an action on all commands
            </summary>
            <param name="action">Action to execute</param>
        </member>
        <member name="M:com.cyberinternauts.csharp.CmdStarter.Lib.Starter.VisitCommands(System.CommandLine.Command,System.Action{System.CommandLine.Command})">
            <summary>
            Execution an action on a node and below
            </summary>
            <param name="currentParent">Starting command</param>
            <param name="action">Action to execute</param>
        </member>
        <member name="M:com.cyberinternauts.csharp.CmdStarter.Lib.Starter.VisitCommands(System.CommandLine.Command,System.Func{System.CommandLine.Command,System.CommandLine.Command})">
            <summary>
            Visit commands from a specific command until not null is returned
            </summary>
            <param name="currentParent">Command where to start visiting</param>
            <param name="func">Function that is applied a command</param>
            <returns>A command if func returned one, otherwise null</returns>
        </member>
        <member name="T:com.cyberinternauts.csharp.CmdStarter.Lib.StarterCommand">
            <summary>
            Abstract class that is the base of all. It transposes what's needed from the <see cref="T:com.cyberinternauts.csharp.CmdStarter.Lib.Interfaces.IStarterCommand"/> object to System.CommandLine commands features.
            </summary>
        </member>
        <member name="F:com.cyberinternauts.csharp.CmdStarter.Lib.StarterCommand.OPTION_PREFIX">
            <summary>
            Options prefix
            </summary>
        </member>
        <member name="F:com.cyberinternauts.csharp.CmdStarter.Lib.StarterCommand.DESCRIPTION_JOINER">
            <summary>
            Description joiner upon multiple attribute
            </summary>
        </member>
        <member name="P:com.cyberinternauts.csharp.CmdStarter.Lib.StarterCommand.UnderlyingCommand">
            <summary>
            <see cref="T:com.cyberinternauts.csharp.CmdStarter.Lib.Interfaces.IStarterCommand"/> object that manages execution and from where the command features are filled
            </summary>
        </member>
        <member name="P:com.cyberinternauts.csharp.CmdStarter.Lib.StarterCommand.HandlingMethod">
            <inheritdoc cref="P:com.cyberinternauts.csharp.CmdStarter.Lib.Interfaces.IStarterCommand.HandlingMethod"/>
        </member>
        <member name="P:com.cyberinternauts.csharp.CmdStarter.Lib.StarterCommand.GlobalOptionsManager">
            <inheritdoc cref="P:com.cyberinternauts.csharp.CmdStarter.Lib.Interfaces.IStarterCommand.GlobalOptionsManager"/>
        </member>
        <member name="M:com.cyberinternauts.csharp.CmdStarter.Lib.StarterCommand.#ctor">
            <summary>
            Constructor using its own type as command name
            </summary>
        </member>
        <member name="M:com.cyberinternauts.csharp.CmdStarter.Lib.StarterCommand.#ctor(System.String,System.String)">
            <summary>
            Constructor with name and potentially description
            </summary>
            <param name="name">Name of the command</param>
            <param name="description">Description of the command</param>
            <exception cref="T:System.ArgumentException">Name can't be null, empty or only whitespace</exception>
        </member>
        <member name="M:com.cyberinternauts.csharp.CmdStarter.Lib.StarterCommand.GetGlobalOptions``1">
            <summary>
            Shortcut method for <see cref="M:com.cyberinternauts.csharp.CmdStarter.Lib.Extensions.IStarterCommandExtensions.GetGlobalOptions``1(com.cyberinternauts.csharp.CmdStarter.Lib.Interfaces.IStarterCommand)"/> that doesn't need usage of "this"
            </summary>
            <typeparam name="GlobalOptionsType"></typeparam>
            <returns></returns>
        </member>
        <member name="M:com.cyberinternauts.csharp.CmdStarter.Lib.StarterCommand.GetFullCommandString">
            <summary>
            Get the full command path: this command name preceeded by all its parents names.
            </summary>
            <returns></returns>
        </member>
        <member name="M:com.cyberinternauts.csharp.CmdStarter.Lib.StarterCommand.HandleCommandOptions``1(System.CommandLine.Invocation.InvocationContext,``0)">
            <summary>
            Copy the parsed properties to a receptable
            </summary>
            <typeparam name="ParsingType">Type of the object to fill from parsing</typeparam>
            <param name="context">Parsing context</param>
            <param name="parsed">Filled object provided by System.CommandLine</param>
            <remarks>
            - This method has to have "internal" visibility not "private", otherwise it doesn't work because it uses a derived class as method container
            - This method cannot be static
            </remarks>
        </member>
        <member name="M:com.cyberinternauts.csharp.CmdStarter.Lib.StarterCommand.GetInstance``1">
            <summary>
            Obtain an instance of a derived <see cref="T:com.cyberinternauts.csharp.CmdStarter.Lib.StarterCommand"/>:<br/>
            <list type="bullet">
            <item>The type itself if it derives already from <see cref="T:com.cyberinternauts.csharp.CmdStarter.Lib.StarterCommand"/></item>
            <item>A <see cref="T:com.cyberinternauts.csharp.CmdStarter.Lib.SpecialCommands.GenericStarterCommand`1"/> using <typeparamref name="CommandType"/></item>
            </list>
            </summary>
            <typeparam name="CommandType">Command type to obtain a instance of</typeparam>
            <returns>A derived instance of <see cref="T:com.cyberinternauts.csharp.CmdStarter.Lib.StarterCommand"/></returns>
        </member>
        <member name="T:System.Text.RegularExpressions.Generated.DotMatcher_0">
            <summary>Custom <see cref="T:System.Text.RegularExpressions.Regex"/>-derived type for the DotMatcher method.</summary>
        </member>
        <member name="F:System.Text.RegularExpressions.Generated.DotMatcher_0.Instance">
            <summary>Cached, thread-safe singleton instance.</summary>
        </member>
        <member name="M:System.Text.RegularExpressions.Generated.DotMatcher_0.#ctor">
            <summary>Initializes the instance.</summary>
        </member>
        <member name="T:System.Text.RegularExpressions.Generated.DotMatcher_0.RunnerFactory">
            <summary>Provides a factory for creating <see cref="T:System.Text.RegularExpressions.RegexRunner"/> instances to be used by methods on <see cref="T:System.Text.RegularExpressions.Regex"/>.</summary>
        </member>
        <member name="M:System.Text.RegularExpressions.Generated.DotMatcher_0.RunnerFactory.CreateInstance">
            <summary>Creates an instance of a <see cref="T:System.Text.RegularExpressions.RegexRunner"/> used by methods on <see cref="T:System.Text.RegularExpressions.Regex"/>.</summary>
        </member>
        <member name="T:System.Text.RegularExpressions.Generated.DotMatcher_0.RunnerFactory.Runner">
            <summary>Provides the runner that contains the custom logic implementing the specified regular expression.</summary>
        </member>
        <member name="M:System.Text.RegularExpressions.Generated.DotMatcher_0.RunnerFactory.Runner.Scan(System.ReadOnlySpan{System.Char})">
            <summary>Scan the <paramref name="inputSpan"/> starting from base.runtextstart for the next match.</summary>
            <param name="inputSpan">The text being scanned by the regular expression.</param>
        </member>
        <member name="M:System.Text.RegularExpressions.Generated.DotMatcher_0.RunnerFactory.Runner.TryFindNextPossibleStartingPosition(System.ReadOnlySpan{System.Char})">
            <summary>Search <paramref name="inputSpan"/> starting from base.runtextpos for the next location a match could possibly start.</summary>
            <param name="inputSpan">The text being scanned by the regular expression.</param>
            <returns>true if a possible match was found; false if no more matches are possible.</returns>
        </member>
        <member name="M:System.Text.RegularExpressions.Generated.DotMatcher_0.RunnerFactory.Runner.TryMatchAtCurrentPosition(System.ReadOnlySpan{System.Char})">
            <summary>Determine whether <paramref name="inputSpan"/> at base.runtextpos is a match for the regular expression.</summary>
            <param name="inputSpan">The text being scanned by the regular expression.</param>
            <returns>true if the regular expression matches at the current position; otherwise, false.</returns>
        </member>
        <member name="T:System.Text.RegularExpressions.Generated.Utilities">
            <summary>Helper methods used by generated <see cref="T:System.Text.RegularExpressions.Regex"/>-derived implementations.</summary>
        </member>
        <member name="F:System.Text.RegularExpressions.Generated.Utilities.s_defaultTimeout">
            <summary>Default timeout value set in <see cref="T:System.AppContext"/>, or <see cref="F:System.Text.RegularExpressions.Regex.InfiniteMatchTimeout"/> if none was set.</summary>
        </member>
        <member name="F:System.Text.RegularExpressions.Generated.Utilities.s_hasTimeout">
            <summary>Whether <see cref="F:System.Text.RegularExpressions.Generated.Utilities.s_defaultTimeout"/> is non-infinite.</summary>
        </member>
    </members>
</doc>
